Input Text,Target Word,Target Word Probability
一杯便宜的[MASK]。,果汁,0.04714938998222351
一杯打折的[MASK]。,果汁,0.0224244836717844
一块现烤的[MASK]。,蛋糕,0.008099181577563286
一块便宜的[MASK]。,蛋糕,0.0008201764430850744
一朵洁白无瑕的[MASK]。,梅花,0.00500078871846199
一朵凌霜傲雪的[MASK]。,梅花,0.012416153214871883
